uniprot_id,kinase_name,kinase_klifs_id,sequence_85aa,source_pdb,num_complete_structures
O00238,BMPR1B,520,KQIGKGRYGEVWMVAVKVFSWFRETEIYQTVLENILGFIAAYLITDYHENGSLYDYLKSTQGKPAIAHRDLKSKNILVIADLGLA,3mdy,4
O00444,PLK4,314,NLLGKGSFAGVYRVAIKMIRVQNEVKIHCQLKPSILELYNYYLVLEMCHNGEMNRYLKNYLHSHGILHRDLTLSNLLLIADFGLA,3cok,5
O00506,YSK1,381,DRIGKGSFGEVYKVAIKIIDIQQEITVLSQCDPYITRYFGSWIIMEYLGGGSALDLLKPYLHSERKIHRDIKAANVLLLAAFGVA,4nzw,1
O14733,MAP2K7,389,GEMGSGTCGQVWKIAVKQMRILMDLDVVLKSHPYIVQCFGTFIAMELMGTSAEKLKKRMLKEKHGVIHRDVKPSNILLLCDFGIS,5b2l,18
O14757,CHK1,121,QTLGEGAYGEVQLVAVKIVNIKKEICINKMLNENVVKFYGHYLFLEYCSGGELFDRIEPYLHGIGITHRDIKPENLLLISDFGLA,4hyi,153
O14920,IKKb,270,RLGTGGFGNVIRWIAIKQCRWCLEIQIMRRLTPNVVAARDVLLAMEYCQGGDLRKYLNQYLHENRIIHRDLKPENIVLIIDLGYA,4e3c,6
O14936,CASK,139,EVIGKGAFSVVRRFAVKIVDLKREASICHMLKPHIVELLETYMVFEFMDGADLCFEIVKYCHDNNIIHRDVKPENVLLLGDFGVA,3mfu,25
O14965,AurA,259,RPLGKGKFGNVYLLALKVLQLRREVEIQSHLRPNILRLYGYYLILEYAPLGTVYRELQKYCHSKRVIHRDIKPENLLLIADFGWS,4dee,159
O15075,DCLK1,145,RTIGDGNFAVVKEYALKIIMIQNEVSILRRVKPNIVLLIEEYLVMELVKGGDLFDAITSYLHSLNIVHRDIKPENLLVLGDFGLA,5jzn,15
O15111,IKKa,269,ERLGTGGFGNVCLIAIKSCRWCHEIQIMKKLNANVVKACDVLLAMEYCSGGDLRKLLNKYLHENKIIHRDLKPENIVLIIDLGYA,5ebz,12
O15530,PDK1,27,KILGEGSFSTVVLYAIKILYVTRERDVMSRLDPFFVKLYFTYFGLSYAKNGELLKYIRKYLHGKGIIHRDLKPENILLITDFGTA,3qcy,13
O43293,DAPK3,141,EELGSGQFAIVRKYAAKFIEIEREVNILREIRPNIITLHDIVLILELVSGGELFDFLAEYLHSKRIAHFDLKPENIMLLIDFGIA,3bqr,16
O43318,TAK1,504,EVVGRGAFGVVCKVAIKQIAFIVELRQLSRVNPNIVKLYGACLVMEYAEGGSLYNVLHGSMQPKALIHRDLKPPNLLLICDFGTA,5jgd,4
O43353,RIPK2,512,RYLSRGASGTVSSVAVKHLDVLREAEILHKARSYILPILGIGIVTEYMPNGSLNELLHRHNMTPPLLHHDLKTQNILLIADFGLS,5ar5,44
O43683,BUB1,262,HLLGEGAFAQVYEFVLKVQIGTQLMERLKPSMHMFMKFYSAVLVGELYSYGTLLNAINLQVHDCEIIHGDIKPDNFILLIDLGQS,4r8q,1
O60566,BUBR1,263,ENVQPLRQGRIMSESACNNFEYEIRFYTGNDPDVWDRYISWQGGKESNMSTLLERAVEACNEPLDMYSYLHNQGIGVSWAEEYEA,6tlj,1
O60674,JAK2,436,QQLGKGNFGSVEMVAVKKLDFEREIEILKSLQDNIVKYKGVKLIMEYLPYGSLRDYLQKYLGTKRYIHRDLATRNILVIGDFGLT,3ugc,18
O75116,ROCK2,10,KVIGRGAFGEVQLYAMKLLFFWEERDIMAFANPWVVQLFYAYMVMEYMPGGDLVNLMSNAIHSMGLIHRDVKPDNMLLLADFGTC,4l6q,54
O75582,MSK1,49,KVLGTGAYGKVFLYAMKVLHTRTERQVLEHIRPFLVTLHYAHLILDYINGGELFTHLSQHLHKLGIIYRDIKLENILLLTDFGLS,1vzo,2
O75716,MPSK1,280,QKLGEGGFSYVDLYALKRIEAQREADMHRLFNPNILRLVAYWLLLPFFKRGTLWNEIERAIHAKGYAHRDLKPTNILLLMDLGSM,2buj,1
O75914,PAK3,369,EKIGQGASGTVYTVAIKQMLIINEILVMRENKPNIVNYLDSWVVMEYLAGGSLTDVVTEFLHSNQVIHRDIKSDNILLLTDFGFC,6fd3,2
O94768,DRAK2,143,KELGRGKFAVVRQYAAKFLEILHEIAVLELAKPRVINLHEVILILEYAAGGEIFSLCLPYLHQNNIVHLDLKPQNILLIVDFGMS,3lm5,20
O94804,LOK,373,GELGDGAFGKVYKAAAKVIDYIVEIEILATCDPYIVKLLGAWIMIEFCPGGAVDAIMLEFLHSKRIIHRDLKAGNVLMLADFGVS,4equ,21
O95747,OSR1,353,EVIGSGATAVVQAVAIKRIELLKEIQAMSQCHPNIVSYYTSWLVMKLLSGGSVLDIIKHYLHKNGQIHRDVKAGNILLIADFGVS,2vwi,8
O95819,HGK,359,EVVGNGTYGQVYKAAIKVMEIKLEINMLKKYSRNIATYYGAWLVMEFCGAGSITDLVKNHLHIHHVIHRDIKGQNVLLLVDFGVS,4rvt,24
O96013,PAK4,370,IKIGEGSTGIVCIVAVKKMLLFNEVVIMRDYQENVVEMYNSWVVMEFLEGGALTDIVTHVLHAQGVIHRNIKSDSILLLSDFGFC,7s47,4
O96017,CHK2,168,KTLGSGACGEVKLVAIKIINVETEIEILKKLNPCIIKIKNFYIVLELMEGGELFDKVVGYLHENGIIHRDLKPENVLLITDFGHS,2ycq,9
P00519,ABL1,392,HKLGGGQYGEVYEVAVKTLEFLKEAAVMKEIKPNLVQLLGVYIITEFMTYGNLLDYLREYLEKKNFIHRDLAARNCLVVADFGLS,2g1t,116
P00533,EGFR,406,KVLGSGAFGTVYKVAIKELEILDEAYVMASVDPHVCRLLGIQLITQLMPFGCLLDYVREYLEDRRLVHRDLAARNVLVITDFGRA,4r5s,449
P04049,RAF1,510,TRIGSGSFGTVYKVAVKILAFRNEVAVLRKTRVNILLFMGYAIVTQWCEGSSLYKHLHVYLHAKNIIHRDMKSNNIFLIGDFGLA,3omv,2
P04626,ErbB2,407,KVLGSGAFGTVYKVAIKVLEILDEAYVMAGVGPYVSRLLGIQLVTQLMPYGCLLDHVREYLEDVRLVHRDLAARNVLVITDFGLA,3pp0,8
P04629,TRKA,480,WELGEGAFGKVFLVAVKALDFQREAELLTMLQQHIVRFFGVLMVFEYMRHGDLNRFLRSYLAGLHFVHRDLATRNCLVIGDFGMS,4pms,46
P06213,INSR,433,LSFFRKLRLIRGEFYALDNWSKHNLTITQGKLFHYNPKLCLEEVSGTKGRQERNDIALKKILLRWEPYWPPDFRDLLGAPYQNVT,6pxw,3
P06239,LCK,466,ERLGAGQFGEVWMVAVKSLAFLAEANLMKQLQQRLVRLYAVYIITEYMENGSLVDFLKTFIEERNYIHRDLRAANILVIADFGLA,2of2,10
P07332,FES,427,EQIGRGNFGEVFSVAVKSCKFLQEARILKQYSPNIVRLIGVYIVMELVQGGDFLTFLRTYLESKCCIHRDLAARNCLVISDFGMS,3cbl,8
P07333,FMS,449,KTLGAGAFGKVVEVAVKMLALMSELKIMSHLGENIVNLLGALVITEYCCYGDLLNFLRRFLASKNCIHRDVAARNVLLIGDFGLA,3lcd,29
P07948,LYN,467,KRLGAGQFGEVWMVAVKTLAFLEEANLMKTLQDKLVRLYAVYIITEYMAKGSLLDFLKSYIERKNYIHRDLRAANVLVIADFGLA,3a4o,2
P07949,RET,454,KTLGEGEFGKVVKVAVKMLDLLSEFNVLKQVNPHVIKLYGALLIVEYAKYGSLRGFLREYLAEMKLVHRDLAARNILVISDFGLS,2ivs,23
P08069,IGF1R,432,RVAGLESLGDLFPGAIRIEPINNEYNTTNRCQPNTYRFLSAMFIMYCIPEGPCPKVCEEIRHSHALVSLSLKNLRLILLWDWDHR,6jk8,2
P08581,MET,446,EVIGRGHFGCVYHCAVKSLQFLTEGIIMKDFSPNVLSLLGILVVLPYMKHGDLRNFIRNFLASKKFVHRDLAARNCMLVADFGLA,3dkc,118
P08631,HCK,465,KKLGAGQFGEVWMVAVKTMAFLAEANVMKTLQDKLVKLHAVYIITEFMAKGSLLDFLKSFIEQRNYIHRDLRAANILVIADFGLA,2hk5,3
P08922,ROS,458,LLLGSGAFGEVYEVAVKTLEFLKEAHLMSKFNPNILKQLGVYIILELMEGGDLLTYLRKYLERMHFIHRDLAARNCLVIGDFGLA,4uxl,1
P0C1S8,Wee1B,335,EKIGVGEFGTVYKYAIKRSSALHEVYAHAVLGPHVVRYYSSIIQNEYCNGGSLQAAISEYIHNSSMVHLDIKPSNIFIIGDLGHA,5vdk,1
P10721,KIT,451,KTLGAGAFGKVVEVAVKMLALMSELKVLSYLGMNIVNLLGALVITEYCCYGDLLNFLRRFLASKNCIHRDLAARNILLICDFGLA,1t46,59
P11309,PIM1,160,PLLGSGGFGSVYSVAIKHVRVPMEVVLLKKVSSGVIRLLDWVLILERPEVQDLFDFITEHCHNCGVLHRDIKDENILILIDFGSG,2j2i,165
P11362,FGFR1,428,KPLGEGAFGQVVLVAVKMLDLISEMEMMKMIGKNIINLLGAYVIVEYASKGNLREYLQAYLASKKCIHRDLAARNVLVIADFGLA,4zsa,100
P12931,SRC,462,VKLGQGCFGEVWMVAIKTLAFLQEAQVLKKLREKLVQLYAVYIVMEYMSKGSLLDFLKGYVERMNYVHRDLRAANILVVADFGLA,4mxz,35
P14616,IRR,434,GRGTFGVIFEVAVRVETLLEECPVLGRCSPMTECLGGYCVTEFIHQGCAQFTRNFLHSKNLIRGDLDNQNLQLGRG,7tym,1
P15056,BRAF,509,QRIGSGSFGTVYKVAVKMLAFKNEVGVLRKTRVNILLFMGYAIVTQWCEGSSLYHHLHAYLHAKSIIHRDLKSNNIFLIGDFGLA,4jvg,154
P15735,PHKg2,159,DVIGRGVSSVVRRFAVKIMATRRETHILRQVAPHIITLIDSFLVFDLMRKGELFDYLTEFLHANNIVHRDLKPENILLLSDFGFS,2y7j,8
P16234,PDGFRa,452,RVLGSGAFGKVVEVAVKMLALMSELKIMTHLGLNIVNLLGAYIITEYCFYGDLVNYLHKFLASKNCVHRDLAARNVLLICDFGLA,5k5x,14
P17612,PKACa,28,KTLGTGSFGRVMLYAMKILHTLNEKRILQAVNPFLVKLEFSYMVMEYVPGGEMFSHLRRYLHSLDLIYRDLKPENLLIVTDFGFA,6wjg,4
P17948,FLT1,483,KSLGRGAFGKVVQVAVKMLALMTELKILTHIGLNVVNLLGAMVIVEYCKYGNLSNYLKSFLSSRKCIHRDLAARNILLICDFGLA,3hng,2
P19525,PKR,310,ELIGSGGFGQVFKYVIRRVKAEREVKALAKLDVNIVHYNGCFIQMEFCDKGTLEQWIEKYIHSKKLIHRDLKPSNIFLIGDFGLV,3uiu,6
P21802,FGFR2,430,KPLGEGAFGQVVMVAVKMLDLVSEMEMMKMIGKNIINLLGAYVIVEYASKGNLREYLRAYLASQKCIHRDLAARNVLVIADFGLA,4j99,68
P21860,ErbB3,408,KVLGSGVFGTVHKVCIKVIAVTDHMLAIGSLDAHIVRLLGLQLVTQYLPLGSLLDHVRQYLEEHGMVHRNLAARNVLLVADFGVA,4riw,13
P22455,FGFR4,431,KPLGEGCFGQVVRVAVKMLDLVSEMEVMKLIGKNIINLLGVYVILECAAKGNLREFLRAYLESRKCIHRDLAARNVLVIADFGLA,4qq5,24
P22607,FGFR3,429,KPLGEGAFGQVVMVAVKMLDLVSEMEMMKMIGKNIINLLGAYVLVEYAAKGNLREFLRAYLASQKCIHRDLAARNVLVIADFGLA,4k33,10
P23443,p70S6K,51,RVLGKGGYGKVFQFAMKVLHTKAERNILEEVKPFIVDLIYAYLILEYLSGGELFMQLERHLHQKGIIYRDLKPENIMLLTDFGLC,4l44,6
P25098,BARK1,11,RIIGRGGFGEVYGYAMKCLLALNERIMLSLVSPFIVCMSYASFILDLMNGGDLHYHLSQHMHNRFVVYRDLKPANILLISDLGLA,4pnk,31
P27037,ACTR2,523,EVKARGRFGCVWKVAVKIFSWQNEYEVYSLPGENILQFIGAWLITAFHEKGSLSDFLKADGHKPAISHRDIKSKNVLLIADFGLA,3soc,12
P27448,MARK3,126,KTIGKGNFAKVKLVAIKIIKLFREVRIMKILNPNIVKLFEVYLIMEYASGGEVFDYLVAYCHQKRIVHRDLKAENLLLIADFGFS,2qnj,9
P29317,EphA2,410,KVIGAGEFGEVYKVAIKTLDFLGEAGIMGQFSHNIIRLEGVMIITEYMENGALDKFLREYLANMNYVHRDLAARNILVVSDFGLS,1mqb,78
P29320,EphA3,412,KVVGAGEFGEVCSVAIKTLDFLGEASIMGQFDPNIIRLEGVMIVTEYMENGSLDSFLRKYLSDMGYVHRDLAARNILIVSDFGLS,3fy2,25
P29322,EphA8,416,KIIGSGDSGEVCYVAIKALDFLSEASIMGQFDPNIIRLEGVMIVTEYMENGSLDTFLRTYLSDLGYVHRDLAARNVLVVSDFGLS,3kul,2
P29597,TYK2,441,RDLGEGHFGKVSLVAVKALGWKQEIDILRTLYEHIIKYKGCQLVMEYVPLGSLRDYLPRYLHAQHYIHRNLAARNVLLIGDFGLA,4gii,17
P30291,Wee1,333,EKIGSGEFGSVFKYAIKRSNALREVYAHAVLGSHVVRYFSALIQNEYCNGGSLADAISEYIHSMSLVHMDIKPSNIFIIGDLGHV,2z2w,23
P30530,AXL,398,KTLGEGEFGAVMEVAVKTMDFLSEAVCMKEFDPNVMRLIGVVVILPFMKHGDLHSFLLYYLSTKRFIHRDLAARNCMLVADFGLS,5u6b,4
P31749,AKT1,1,KLLGKGTFGKVILYAMKILHTLTENRVLQNSRPFLTALKYSCFVMEYANGGELFFHLSRLHSEKNVVYRDLKLENLMLITDFGLC,6hhj,3
P31751,AKT2,2,KLLGKGTFGKVILYAMKILHTVTESRVLQNTRPFLTALKYACFVMEYANGGELFFHLSRYLHSRDVVYRDIKLENLMLITDFGLC,9c1w,1
P32298,GPRK4,13,RVLGKGGFGEVCAYACKKLMALNEKRILEKVQRFVVSLAYACLVLTIMNGGDLKFHIYNDLQRERIVYRDLKPENILLISDLGLA,4yhj,2
P34925,RYK,457,DVLQEGTFGRIFHAFVKTVMMLTESCKLRGLHRNLLPITHVMVILPYMNWGNLKLFLRQYLARREVIHKDLAARNCVIITDNALS,6tua,1
P34947,GPRK5,14,RVLGKGGFGEVCAYACKRLMALNEKQILEKVNQFVVNLAYACLVLTIMNGGDLKFHIYNDLHHENTVYRDLKPENILLISDLGLA,4tnd,6
P35968,KDR,485,KPLGRGAFGQVIEVAVKMLALMSELKILIHIGLNVVNLLGAMVIVEFCKFGNLSTYLRSFLASRKCIHRDLAARNILLICDFGLA,4ag8,26
P36507,MAP2K2,384,SELGAGNGGVVTKMARKLIQIIRELQVLHECNPYIVGFYGASICMEHMDGGSLDQVLKELREKHQIMHRDVKPSNILVLCDFGVS,1s9i,2
P36888,FLT3,450,KVLGSGAFGKVMNVAVKMLALMSELKMMTQLGENIVNLLGAYLIFEYCCYGDLLNYLRSFLEFKSCVHRDLAARNVLVICDFGLA,4xuf,8
P36897,TGFbR1,521,ESIGKGRFGEVWRVAVKIFSWFREAEIYQTVMENILGFIAAWLVSDYHEHGSLFDYLNRTQGKPAIAHRDLKSKNILVIADLGLA,2wot,72
P37023,ALK1,518,ECVGKGRYGEVWRVAVKIFSWFRETEIYNTVLDNILGFIASWLITHYHEHGSLYDFLQRTQGKPAIAHRDFKSRNVLVIADLGLA,3my0,18
P37173,TGFbR2,527,TLVGKGRFAEVYKVAVKIFSWKTEKDIFSDINENILQFLTAWLITAFHAKGNLQEYLTRGRPKMPIVHRDLKSSNILVLCDFGLS,5e8v,12
P41240,CSK,402,QTIGKGEFGDVMLVAVKCIAFLAEASVMTQLRSNLVQLLGVYIVTEYMAKGSLVDYLRSYLEGNNFVHRDLAARNVLVVSDFGLT,3d7u,2
P41279,COT,390,DFIPRGAFGKVYLMACKLIFKPSDVEIQACFRENIAELYGAHLFMEAGEGGSVLEKLESFLHSKKVIHHDIKPSNIVFLVDFGLS,4y83,5
P42684,ABL2,393,HKLGGGQYGEVYVVAVKTLEFLKEAAVMKEIKPNLVQLLGVYIVTEYMPYGNLLDYLREYLEKKNFIHRDLAARNCLVVADFGLS,3gvu,10
P43250,GPRK6,15,RVLGKGGFGEVCAYACKKLMALNEKQILEKVNRFVVSLAYACLVLTLMNGGDLKFHIYHDLHRERIVYRDLKPENILLISDLGLA,3nyn,6
P43403,ZAP70,471,IELGCGNFGSVRQVAIKVLEMMREAQIMHQLDPYIVRLIGVMLVMEMAGGGPLHKFLVGYLEEKNFVHRNLAARNVLLISDFGLS,4k2r,4
P43405,SYK,470,KELGSGNFGTVKKVAVKILELLAEANVMQQLDPYIVRMIGIMLVMEMAELGPLNKYLQQYLEESNFVHRDLAARNVLLISDFGLS,4puz,77
P49137,MAPKAPK2,150,QVLGLGINGKVLQFALKMLKARREVELHWRASPHIVRIVDVLIVMECLDGGELFSRIQDYLHSINIAHRDVKPENLLYLTDFGFA,2pzy,103
P51617,IRAK1,486,LKIGEGGFGCVYRYAVKRLSFLTEVEQLSRFRPNIVDFAGYCLVYGFLPNGSLEDRLHCHQDSPSLIHGDIKSSNVLLLGDFGLA,6bfn,4
P51812,RSK2,55,KVLGQGSFGKVFLYAMKVLRTKMERDILVEVNPFIVKLHYAYLILDFLRGGDLFTRLSKHLHSLGIIYRDLKPENILLLTDFGLS,4nus,10
P51813,BMX,472,KELGSGQFGVVKLVAVKMIEFFQEAQTMMKLSPKLVKFYGVYIVTEYISNGCLLNYLRSFLESHQFIHRDLAARNCLVVSDFGMT,3sxs,5
P52333,JAK3,437,SQLGKGNFGSVELVAVKQLDFQREIQILKALHDFIVKYRGVRLVMEYLPSGCLRDFLQRYLGSRRCVHRDLAARNILVIADFGLA,4hvd,55
P53350,PLK1,311,RFLGKGGFAKCFEFAGKIVKMSMEISIHRSLAQHVVGFHGFFVVLELCRRRSLLELHKRYLHRNRVIHRDLKLGNLFLIGDFGLA,4j52,28
P53355,DAPK1,140,EELGSGQFAVVKKYAAKFIDIEREVSILKEIQPNVITLHEVILILELVAGGELFDFLAEYLHSLQIAHFDLKPENIMLIIDFGLA,1ig1,90
P53667,LIMK1,490,EVLGKGCFGQAIKMVMKELTFLKEVKVMRCLEPNVLKFIGVNFITEYIKGGTLRGIIKSYLHSMNIIHRDLNSHNCLVVADFGLA,3s95,13
P53671,LIMK2,491,EVLGKGFFGQAIKMVMKELTFLTEVKVMRSLDPNVLKFIGVNLLTEYIEGGTLKDFLRSYLHSMCIIHRDLNSHNCLIVADFGLS,4tpt,10
P54646,AMPKa2,118,DTLGVGTFGKVKIVAVKILKIKREIQNLKLFRPHIIKLYQVFMVMEYVSGGELFDYICKYCHRHMVVHRDLKPENVLLIADFGLS,2yza,8
P54753,EphB3,419,EVIGAGEFGEVCRVAIKTLDFLSEASIMGQFDPNIIRLEGVMILTEFMENCALDSFLRLYLSEMNYVHRDLAARNILVVSDFGLS,5l6p,1
P54756,EphA5,414,RVIGAGEFGEVCSVAIKTLDFLGEASIMGQFDPNIIHLEGVMIVTEYMENGSLDTFLKKYLSDMGYVHRDLAARNILIVSDFGLS,2r2p,2
P54760,EphB4,420,EVIGAGEFGEVCRVAIKTLEFLSEASIMGQFEPNIIRLEGVMILTEFMENGALDSFLRLYLAEMSYVHRDLAARNILVVSDFGLS,2vwx,22
P80192,MLK1,500,EIIGIGGFGKVYRVAVKAANVRQEAKLFAMLKPNIIALRGVCLVMEFARGGPLNRVLSGDEAIVPIIHRDLKSSNILIITDFGLG,3dtc,5
Q01973,ROR1,455,EELGECAFGKIYKVAIKTLEFQQEASLMAELHPNIVCLLGACMLFEYINQGDLHEFLIMYLSSHFFVHKDLAARNILIISDLGLS,6tu9,1
Q01974,ROR2,456,EELGEDRFGKVYKVAIKTLEFRHEAMLRARLQPNVVCLLGVSMIFSYCSHGDLHEFLVMYLSSHHVVHKDLATRNVLVISDLGLF,4gt4,8
Q02750,MAP2K1,383,SELGAGNGGVVFKMARKLIQIIRELQVLHECNPYIVGFYGASICMEHMDGGSLDQVLKKLREKHKIMHRDVKPSNILVLCDFGVS,3orn,108
Q02763,TIE2,477,DVIGEGNFGQVLKAAIKRMDFAGELEVLCKLGPNIINLLGAYLAIEYAPHGNLLDFLRKYLSQKQFIHRDLAARNILVIADFGLS,1fvr,2
Q04771,ALK2,516,ECVGKGRYGEVWRVAVKIFSWFRETELYNTVMENILGFIASWLITHYHEMGSLYDYLQLTQGKPAIAHRDLKSKNILVIADLGLA,4bgg,88
Q04912,RON,447,RVIGKGHFGVVYHCAIKSLAFLREGLLMRGLNPNVLALIGIHVLLPYMCHGDLLQFIRSYLAEQKFVHRDLAARNCMLVADFGLA,3pls,4
Q05397,FAK,425,RCIGEGQFGDVHQVAIKTCKFLQEALTMRQFDPHIVKLIGVWIIMELCTLGELRSFLQVYLESKRFVHRDIAARNVLVLGDFGLS,2ijm,49
Q06187,BTK,473,KELGTGQFGVVKYVAIKMIEFIEEAKVMMNLSEKLVQLYGVFIITEYMANGCLLNYLREYLESKQFLHRDLAARNCLVVSDFGLS,3p08,201
Q07912,ACK,394,EKLGDGSFGVVRRVAVKCLDFIREVNAMHSLDRNLIRLYGVKMVTELAPLGSLLDRLRKYLESKRFIHRDLAARNLLLIGDFGLM,1u4d,15
Q08345,DDR1,404,EKLGEGQFGEVHLVAVKILDFLKEVKIMSRLKPNIIRLLGVCMITDYMENGDLNQFLSAYLATLNFVHRDLATRNCLVIADFGMS,5bvk,58
Q08881,ITK,474,QEIGSGQFGLVHLVAIKTIDFIEEAEVMMKLSPKLVQLYGVCLVFEFMEHGCLSDYLRTYLEEACVIHRDLAARNCLVVSDFGMT,4kio,30
Q09013,DMPK1,5,KVIGRGAFSEVAVYAMKIMCFREERDVLVNGDRWITQLHFAYLVMEYYVGGDLLTLLSKSVHRLGYVHRDIKPDNILLLADFGSC,2vd5,2
Q12852,DLK,498,QWVGSGAQGAVFLVAVKKVLKETDIKHLRKLKPNIITFKGVCILMEFCAQGQLYEVLRAYLHLHKIIHRDLKSPNMLIISDFGTS,5cen,2
Q12866,MER,400,KILGEGEFGSVMEVAVKTMEFLSEAACMKDFSPNVIRLLGVMVILPFMKYGDLHTYLLYYLSNRNFLHRDLAARNCMLVADFGLS,3bpr,14
Q13131,AMPKa1,117,DTLGVGTFGKVKVVAVKILKIRREIQNLKLFRPHIIKLYQVFMVMEYVSGGELFDYICKYCHRHMVVHRDLKPENVLLIADFGLS,4red,4
Q13153,PAK1,367,EKIGQGASGTVYTVAIKQMLIINEILVMRENKPNIVNYLDSWVVMEYLAGGSLTDVVTEFLHSNQVIHRDIKSDNILLLTDFGFC,4zjj,28
Q13188,MST2,363,EKLGEGSYGSVFKVAIKQVEIIKEISIMQQCDPYVVKYYGSWIVMEYCGAGSVSDIIRLYLHFMRKIHRNIKAGNILLLADFGVA,4lgd,3
Q13308,CCK4,401,TTLGKSEFGEVFLVLVKSLDFRRELEMFGKLNANVVRLLGLYMVLEYVDLGDLKQFLRIHLSNNRFVHKDLAARNCLVVSALGLS,6vg3,3
Q13418,ILK,497,TKLNENHSGELWKIVVKVLDFNEECPRLRIFSPNVLPVLGATLITHWMPYGSLYNVLHEHTLEPLIPRHALNSRSVMIISMADVK,3rep,4
Q13464,ROCK1,9,KVIGRGAFGEVQLYAMKLLFFWEERDIMAFANPWVVQLFYAYMVMEYMPGGDLVNLMSNAIHSMGFIHRDVKPDNMLLLADFGTC,4w7p,73
Q13546,RIPK1,511,AELDSGGFGKVSLMIMKTVALLEEAKMMNRLRSRVVKLLGVSLVMEYMEKGNLMHVLKAYLHGKGVIHKDLKPENILVIADLGLA,4neu,14
Q13557,CaMK2d,115,EELGKGAFSVVRRYAAKIIKLEREARICRLLKPNIVRLHDSYLVFDLVTGGELFEDIVAHCHLNGIVHRDLKPENLLLLADFGLA,2wel,9
Q13705,ACTR2B,524,EIKARGRFGCVWKVAVKIFSWQSEREIFSTPGENLLQFIAAWLITAFHDKGSLTDYLKGEGHKPSIAHRDFKSKNVLLLADFGLA,2qlu,1
Q13882,BRK,468,RKLGSGYFGEVFEVAIKVIMLQSEIQAMKKLRKHILALYAVYIITELMAKGSLLELLRDYLESQNYIHRDLAARNILVVGDFGLA,5d7v,14
Q14012,CaMK1a,109,DVLGTGAFSEVILVAIKCISMENEIAVLHKIKPNIVALDDIYLIMQLVSGGELFDRIVEYLHDLGIVHRDLKPENLLYISDFGLS,4fgb,2
Q14289,PYK2,424,RILGEGFFGEVYEVAVKTCKFMSEAVIMKNLDPHIVKLIGIWIIMELYPYGELGHYLERYLESINCVHRDIAVRNILVLGDFGLS,3fzt,10
Q14680,MELK,128,ETIGTGGFAKVKLVAIKIMRIKTEIEALKNLRQHICQLYHVFMVLEYCPGGELFDYIISYVHSQGYAHRDLKPENLLFLIDFGLC,4bky,52
Q15208,NDR1,24,KVIGRGAFGEVRLYAMKILHIRAERDILVEADLWVVKMFYSYLIMEFLPGGDMMTLLMKSIHQLGFIHRDIKPDNLLLLSDFGLC,6bxi,2
Q15303,ErbB4,409,KVLGSGAFGTVYKVAIKILEFMDEALIMASMDPHLVRLLGVQLVTQLMPHGCLLEYVHEYLEERRLVHRDLAARNVLVITDFGLA,3bbw,11
Q15375,EphA7,415,RVIGAGEFGEVCSVAIKTLDFLCEASIMGQFDPNVVHLEGVMIVIEFMENGALDAFLRKYLAHMGYVHRDLAARNILVVSDFGLS,7eed,1
Q15831,LKB1,123,DLLGEGSYGKVKERAVKILNVKKEIQLLRRLRKNVIQLVDVYMVMEYCVCGMQEMLDSVYLHSQGIVHKDIKPGNLLLISALGVA,2wtk,2
Q16288,TRKC,482,RELGEGAFGKVFLVAVKALDFQREAELLTNLQEHIVKFYGVIMVFEYMKHGDLNKFLRAYLASQHFVHRDLATRNCLVIGDFGMS,6kzc,2
Q16620,TRKB,481,RELGEGAFGKVFLVAVKTLDFHREAELLTNLQEHIVKFYGVIMVFEYMKHGDLNKFLRAYLASQHFVHRDLATRNCLVIGDFGMS,4at5,3
Q16644,MAPKAPK3,148,QVLGLGVNGKVLECALKLLKARQEVDHHWQASPHIVCILDVLIIMECMEGGELFSRIQEFLHSHNIAHRDVKPENLLYLTDFGFA,3r1n,8
Q16816,PHKg1,158,EILGRGVSSVVRRYAVKVIATLKEVDILRKVSPNIIQLKDTFLVFDLMKRGELFDYLTETLHKLNIVHRDLKPENILLLTDFGFS,8xyb,1
Q16832,DDR2,405,EKLGEGQFGEVHLVAVKMLDFLKEIKIMSRLKPNIIHLLAVCMITEYMENGDLNQFLSRYLSSLNFVHRDLATRNCLVIADFGMS,6fer,12
Q2M2I8,AAK1,277,EVLAEGGFAIVFLCALKRMVCKREIQIMRDLSKNIVGYIDSLILMDFCRGGQVVNLMNQHQCKTPIIHRDLKVENILLLCDFGSA,4wsq,9
Q38SD2,LRRK1,494,GGHLGVVKLLAIKSLALITEANVLRKLDPEIIRLLGFQLITELMPLGALMDEYERRYVHRDLAGRDVLVISDFGVA,8e06,2
Q59H18,HH498,496,EIIGSGSFGKVYKVAIKRYMFCREVSILCQLNPCVIQFVGAAIVTQYISGGSLFSLLHEHNLTQPIIHRDLNSHNILLVADFGES,4yfi,22
Q5S007,LRRK2,495,KALGKGLFSMVIRITLKVVGLRILNLPHLILEYCKAKDIIRFLQQKNFLLLINWGIR,7lht,7
Q6PHR2,ULK3,330,ERLGSGTYATVYKVAIKCVNLLTEIEILKGIRPHIVQLKDFYLIMEFCAGGDLSRFIHTFLHERNISHLDLKPQNILLLADFGFA,6fdz,1
Q6VAB6,KSR2,507,ELIGKGRFGQVYHVAIRLIAFKREVMAYRQTRENVVLFMGAAIITSLCKGRTLYSVVRDYLHAKGILHKDLKSKNVFYITDFGLF,2y4i,7
Q7KZI7,MARK2,124,KTIGKGNFAKVKLVAVKIIKLFREVRIMKVLNPNIVKLFEVYLVMEYASGGEVFDYLVAYCHQKFIVHRDLKAENLLLIADFGFS,5eak,1
Q7RTN6,STLK5,376,TVIGKGFEDLMTVVTVRRIFLQGELHVSKLFNPNIVPYRATWVVTSFMAYGSAKDLICTYIHHMGYVHRSVKASHILILSGLRSN,2wtk,3
Q86UE8,TLK2,324,HLLGRGGFSEVYKVAVKIHHACREYRIHKELDPRIVKLYDYCTVLEYCEGNDLDFYLKQNEIKPPIIHYDLKPGNILLITDFGLS,5o0y,1
Q8IU85,CaMK1d,110,ETLGTGAFSEVVLFAVKCISIENEIAVLRKIKENIVALEDIYLVMQLVSGGELFDRIVEYLHRMGIVHRDLKPENLLYISDFGLS,6t6f,2
Q8IVT5,KSR1,506,EPIGQGRWGRVHRVAIRLLLFKKEVMNYRQTRENVVLFMGAAIITSFCKGRTLHSFVRDYLHAKGIVHKDLKSKNVFYITDFGLF,7juw,3
Q8IYT8,ULK2,329,DLVGHGAFAVVFRVAIKSILLGKEIKILKELQENIVALYDVFLVMEYCNGGDLADYLQAILHSKGIIHRDLKPQNILLIADFGFA,6qau,26
Q8N5S9,CaMKK1,266,QSEIGKGAYGVVRHYAMKVERVYQEIAILKKLHVNVVKLIENLYLVFDLRKGPVMEVPCEYLHCQKIVHRDIKPSNLLKIADFGV,6cd6,10
Q8NB16,MLKL,528,ILLRENEVSTLYKVAIKVFTFNKEIKTMKKFEPNILRIFGISIVMEYCELGTLRELLDRHHSEAPELHGKIRSSNFLVLAGFELR,4mwi,12
Q8NI60,ADCK3,70,RPFAAASIGQVHLVAMKIQDYQREAACARKFRFYVPEIVDEVLTTELVSGFPLDQAEGLELFEFHFMQTDPNWSNFFYLLDFGAT,5i35,3
Q8TDX7,NEK7,289,KKIGRGQFSEVYRVALKKVDCIKEIDLHKQLNPNVIKFYASNIVLELADAGDLSRMIKHHMHSRRVMHRDIKPANVFILGDFGLG,6gt1,6
Q8WU08,YANK1,68,RAIGKGSFGKVCIYAMKYMNVFKELQIMQGLEPFLVNLWYSFMVVDLLLGGDLRYHLQQYLQNQRIIHRDMKPDNILLITDFNIA,4fr4,12
Q8WZ42,TTN,154,EDLGRGEFGIVHRYMAKFVLVKKEISILNIARRNILHLHESVMIFEFISGLDIFERINTFLHSHNIGHFDIRPENIIYIIEFGQA,4jnw,8
Q92918,HPK1,358,QRLGGGTYGEVFKVALKMVTLQKEILILKTCRANIVAYHGSWICMEFCGAGSLQDIYQVYLHSQKKIHRDIKGANILILADFGIS,6cqd,40
Q96C45,ULK4,331,EEIGRGSKTVVYKVAILCTEITNWVRLTREIKKNIVTFHEWWLVVELCTGGSLKTVIAQHLHKLGILFCDISPRKILLFSNFCLA,6u5l,3
Q96KB5,PBK,325,QKLGFGTGVNVYLWAVKKIRLMDEAKILKSLHPNIVGYRAFCLAMEYGGEKSLNDLIEELHQEKKLLHGDIKSSNVVIICDVGVS,5j0a,2
Q96L34,MARK4,127,RTIGKGNFAKVKLVAIKIIKLFREVRIMKGLNPNIVKLFEVYLVMEYASAGEVFDYLVSYCHQKNIVHRDLKAENLLLIADFGFS,5es1,2
Q96NX5,CaMK1g,111,EVLGSGAFSEVFLFALKCISLENEIAVLKKIKENIVTLEDIYLVMQLVSGGELFDRILEYLHENGIVHRDLKPENLLYITDFGLS,2jam,4
Q96Q04,LMR3,445,QEIGSGWFGKVILVVVKELKFISEAQPYRSLQPNVLQCLGLLLIMEFCQLGDLKRYLRAHLHSHNYVHSDLALRNCLLIGDYGLA,6seq,2
Q96RG2,PASK,132,SPLGSGAFGFVWTVVVKFIKVTLEIAILSRVEANIIKVLDIQLVMEKHGSGLDLFAFIDYLRLKDIIHRDIKDENIVILIDFGSA,3dls,6
Q96RR4,CaMKK2,265,DEIGKGSYGVVKLYAMKVLQVYQEIAILKKLDPNVVKLVEVYMVFELVNQGPVMEVPTLYLHYQKIIHRDIKPSNLLVIADFGVS,5uyj,19
Q99558,NIK,391,LRLGRGSFGEVHRCAVKKVFRAEELMACAGLTPRIVPLYGANIFMELLEGGSLGQLVKEYLHSRRILHGDVKADNVLLLCDFGHA,4idv,23
Q99570,PIK3R4,332,EKVGKGMFGELKRLAVKIEELKQEIALKDLGPLVILVSVELILEYLSNDSVAEALRTFLGLLHEMVKPENILLLSDFGLQ,7bl1,1
Q99683,MAP3K5,345,VVLGKGTYGIVYAIAIKEIPLHEEIALHKHLKKNIVQYLGSKIFMEQVPGGSLSALLRSYLHDNQIVHRDIKGDNVLIISDFGTS,2clq,63
Q9BRS2,RIOK1,100,GCISTGKEANVYHRAIKIYWAEKEMRNLIRLNIPCPEPIMLVLVMSFIGAPLLKNVQLSMYQDARLVHADLSEFNMLYIIXVSQS,4otp,6
Q9BUB5,MNK1,152,ELLGEGAYAKVQGYAVKIIRVFREVETLYQCQKNILELIEFYLVFEKLQGGSILAHIQKFLHTKGIAHRDLKPENILCICDFDLG,2hw6,4
Q9BYP7,Wnk3,338,IELGRGAFKTVYKVAWCELRFKEEAEMLKGLQPNIVRFYDSVLVTELMTSGTLKTYLKRHTRTPPIIHRDLKCDNIFIIGDLGLA,5o2c,7
Q9H2G2,SLK,374,GELGDGAFGKVYKAAAKVIDYMVEIDILASCDPNIVKLLDAWILIEFCAGGAVDAVMLEYLHDNKIIHRDLKAGNILFLADFGVS,4usf,7
Q9H2K8,TAO3,378,HEIGHGSFGAVYFVAIKKMDILKEVKFLRQLKPNTIEYKGCWLVMEYCLGSASDLLEVHYLHSHALIHRDIKAGNILLLADFGSA,6bdn,2
Q9H4A3,Wnk1,336,IEIGRGSFKTVYKVAWCELRFKEEAEMLKGLQPNIVRFYDSVLVTELMTSGTLKTYLKRHTRTPPIIHRDLKCDNIFIIGDLGLA,5tf9,10
Q9H4B4,PLK3,312,RLLGKGGFARCYEYAVKVIKILNEIELHRDLQRHIVRFSHHYIFLELCSRKSLAHIWKAYLHQRGILHRDLKLGNFFIVGDFGLA,4b6l,1
Q9HBH9,MNK2,151,DVLGEGAHARVQTYAVKIIRVFREVEMLYQCQRNVLELIEFYLVFEKMRGGSILSHIHKFLHNKGIAHRDLKPENILCICDFDLG,2ac3,2
Q9NRH2,SNRK,136,QGPHMGHFAVVKLVAVKVIHLFQEVRCMKLVQPNIVRLYEVYLILELGDGGDMFDYIMKYCHKLHVVHRDLKPENVVFLTDFGFS,5yks,2
Q9NSY1,BIKE,278,ESLAEGGFSTVFLCALKRMVCKREITIMKELSKNIVGYLDCLILMEYCRAGQVVNQMNKHQCKTPIIHRDLKVENILLLCDFGSA,4w9w,8
Q9NWZ3,IRAK4,489,NKMGEGGFGVVYKVAVKKLQFDQEIKVMAKCQENLVELLGFCLVYVYMPNGSLLDRLSCFLHENHHIHRNIKSANILLISDFGLA,4u9a,15
Q9NYL2,ZAK,505,ENCGGGSFGSVYRVAVKKLKIEKEAEILSVLSRNIIQFYGVGIVTEYASLGSLYDYINSMEAPVKVIHRDLKSRNVVIICDFGAS,5x5o,9
Q9NYY3,PLK2,313,KTLGKGGFAKCYEYAAKIIKIDKEIELHRILHKHVVQFYHYYILLEYCSRRSMAHILKAYLHEQEILHRDLKLGNFFIVGDFGLA,4i5m,9
Q9NZJ5,PEK,309,QCLGRGGFGVVFEYAIKRIKVMREVKALAKLEPGIVRYFNAYIQMQLCRKENLKDWMNGFLHSKGLMHRNLKPSNIFFVGDFGLV,4x7j,8
Q9P0L2,MARK1,125,KTIGKGNFAKVKLVAVKIIKLFREVRIMKILNPNIVKLFEVYLVMEYASGGEVFDYLVAYCHQKYIVHRDLKAENLLLIADFGFS,2hak,8
Q9P1W9,PIM2,161,PLLGKGGFGTVFAVAIKVITCPLEVALLWKVGPGVIRLLDWMLVLERPLAQDLFDYITEHCHSRGVVHRDIKDENILILIDFGSG,2iwi,2
Q9P289,MST4,382,ERIGKGSFGEVFKVAIKIIDIQQEITVLSQCDSYVTKYYGSWIIMEYLGGGSALDLLRAYLHSEKKIHRDIKAANVLLLADFGVA,3ggf,6
Q9UHD2,TBK1,272,DILGQGATANVFRFAIKVFVQMREFEVLKKLNKNIVKLFAIVLIMEFCPCGSLYTVLEEHLRENGIVHRDIKPGNIMRLTDFGAA,4iwq,15
Q9UIK4,DAPK2,142,EELGSGQFAIVKKYAAKFIEIEREVSILRQVLHNVITLHDVVLILELVSGGELFDFLAQYLHTKKIAHFDLKPENIMLLIDFGLA,2a27,43
Q9UKE5,TNIK,360,ELVGNGTYGQVYKAAIKVMEIKQEINMLKKYSRNIATYYGAWLVMEFCGAGSVTDLIKNHLHQHKVIHRDIKGQNVLLLVDFGVS,2x7f,10
Q9UM73,ALK,396,RGLGHGAFGEVYEVAVKTLDFLMEALIISKFNQNIVRCIGVFILLELMAGGDLKSFLREYLEENHFIHRDIAARNCLLIGDFGMA,3l9p,41
Q9UQM7,CaMK2a,113,EELGKGAFSVVRRYAAKIIKLEREARICRLLKPNIVRLHDSYLIFDLVTGGELFEDIVAHCHQMGVVHRDLKPENLLLLADFGLA,2vz6,31
Q9Y2K2,QSK,134,RTIGKGNFAVVKRVAIKIIKIFREVQIMKMLCPHIIRLYQVYLVTEYASGGEIFDHLVAFCHCRNIVHRDLKAENLLLIADFGFS,8oku,1
Q9Y5S2,MRCKb,7,KVIGRGAFGEVAVYAMKILCFREERDVLVNGDQWITALHYAYLVMDYYVGGDLLTLLSKSIHQLHYVHRDIKPDNVLLLADFGSC,3qfv,10
Q9Y616,IRAK3,488,FLIGEGEIFEVYRYAVKLFRFLSELEVLLLFHPNILELAAYCLIYPYMRNGTLFDRLQCNVQPCSVICGSISSANILLLTDFAMA,6ziw,3
Q9Y6E0,MST3,380,EKIGKGSFGEVFKVAIKIIDIQQEITVLSQCDPYVTKYYGSWIIMEYLGGGSALDLLEPYLHSEKKIHRDIKAANVLLLADFGVA,3zhp,20
